
--cadena hotelera
INSERT INTO CADENAHOTELERA (ID,NOMBRE,PRINCIPIOSGENERALES) VALUES (1,'CLIENTES','CADENA DE HOTEL PARA MODELAR USUARIOS QUE SON SOLO EMPLEADOS');
INSERT INTO CADENAHOTELERA (ID,NOMBRE,PRINCIPIOSGENERALES) VALUES (2,'CADENITA DE HOTELES','SER UNA CADENA DE HOTELES');
--HOTELES
INSERT INTO HOTEL (ID,IDCADENAHOTELERA,NOMBRE) VALUES (1,1,'CLIENTES');
INSERT INTO HOTEL (ID,IDCADENAHOTELERA,NOMBRE) VALUES (2,1,'HOTEL OTRO TOKYO');

--tipos de usuarios
INSERT INTO TIPOUSUARIOS (ID,NOMBRE) VALUES (1,'Gerente');
INSERT INTO TIPOUSUARIOS (ID,NOMBRE) VALUES (2,'Administrador de datos');
INSERT INTO TIPOUSUARIOS (ID,NOMBRE) VALUES (3,'Recepcionista');
INSERT INTO TIPOUSUARIOS (ID,NOMBRE) VALUES (4,'Empleado');
INSERT INTO TIPOUSUARIOS (ID,NOMBRE) VALUES (5,'Cliente');

--usuarios
INSERT INTO USUARIOS (ID,NOMBRE,APELLIDO,IDTIPOUSUARIOS,IDHOTEL) VALUES (1,'GERENTE','HOTEL2',1,2);
INSERT INTO USUARIOS (ID,NOMBRE,APELLIDO,IDTIPOUSUARIOS,IDHOTEL) VALUES (2,'ADMINISTRADOR','HOTEL2',2,2);
INSERT INTO USUARIOS (ID,NOMBRE,APELLIDO,IDTIPOUSUARIOS,IDHOTEL) VALUES (3,'RECEPCIONISTA1','HOTEL2',3,2);
INSERT INTO USUARIOS (ID,NOMBRE,APELLIDO,IDTIPOUSUARIOS,IDHOTEL) VALUES (4,'RECEPCIONISTA2','HOTEL2',3,2);
INSERT INTO USUARIOS (ID,NOMBRE,APELLIDO,IDTIPOUSUARIOS,IDHOTEL) VALUES (5,'EMPLEADO1','HOTEL2',4,2);
INSERT INTO USUARIOS (ID,NOMBRE,APELLIDO,IDTIPOUSUARIOS,IDHOTEL) VALUES (6,'EMPLEADO2','HOTEL2',4,2);
INSERT INTO USUARIOS (ID,NOMBRE,APELLIDO,IDTIPOUSUARIOS,IDHOTEL) VALUES (7,'EMPLEADO3','HOTEL2',4,2);
INSERT INTO USUARIOS (ID,NOMBRE,APELLIDO,IDTIPOUSUARIOS,IDHOTEL) VALUES (8,'EMPLEADO4','HOTEL2',4,2);

INSERT INTO USUARIOS (ID,NOMBRE,APELLIDO,IDTIPOUSUARIOS,IDHOTEL) VALUES (9,'CLIENTE1','HOTEL2',5,2);
INSERT INTO USUARIOS (ID,NOMBRE,APELLIDO,IDTIPOUSUARIOS,IDHOTEL) VALUES (10,'CLIENTE2','HOTEL1',5,1);
INSERT INTO USUARIOS (ID,NOMBRE,APELLIDO,IDTIPOUSUARIOS,IDHOTEL) VALUES (11,'CLIENTE3','HOTEL1',5,1);
INSERT INTO USUARIOS (ID,NOMBRE,APELLIDO,IDTIPOUSUARIOS,IDHOTEL) VALUES (12,'CLIENTE4','HOTEL2',5,2);

--TIPO DE HABITACION
INSERT INTO TIPOHABITACION (ID,TIPO,CAPACIDAD,COSTONOCHE,DESCRIPCION) VALUES (1,'Suite presidencial',2,150000,'ES CARA');
INSERT INTO TIPOHABITACION (ID,TIPO,CAPACIDAD,COSTONOCHE,DESCRIPCION) VALUES (2,'Suite',2,100000,'ES MENOS CARA');
INSERT INTO TIPOHABITACION (ID,TIPO,CAPACIDAD,COSTONOCHE,DESCRIPCION) VALUES (3,'Familiar',8,160000,'ES DE PRECIO FAMILIAR');
INSERT INTO TIPOHABITACION (ID,TIPO,CAPACIDAD,COSTONOCHE,DESCRIPCION) VALUES (4,'Doble',3,90000,'ES PARA DUO');
INSERT INTO TIPOHABITACION (ID,TIPO,CAPACIDAD,COSTONOCHE,DESCRIPCION) VALUES (5,'DobleJACUZZI',3,130000,'ES PARA DUO CON JACUZZI');
INSERT INTO TIPOHABITACION (ID,TIPO,CAPACIDAD,COSTONOCHE,DESCRIPCION) VALUES (6,'SENCILLA',1,50000,'ES BARATA Y TRISTE');
--HABITACION
INSERT INTO HABITACION (ID,NHABITACION,IDTIPOHABITACION,IDHOTEL) VALUES (1,101,6,2);
INSERT INTO HABITACION (ID,NHABITACION,IDTIPOHABITACION,IDHOTEL) VALUES (2,102,6,2);
INSERT INTO HABITACION (ID,NHABITACION,IDTIPOHABITACION,IDHOTEL) VALUES (3,103,6,2);

INSERT INTO HABITACION (ID,NHABITACION,IDTIPOHABITACION,IDHOTEL) VALUES (4,201,5,2);
INSERT INTO HABITACION (ID,NHABITACION,IDTIPOHABITACION,IDHOTEL) VALUES (5,202,5,2);
INSERT INTO HABITACION (ID,NHABITACION,IDTIPOHABITACION,IDHOTEL) VALUES (6,203,5,2);

INSERT INTO HABITACION (ID,NHABITACION,IDTIPOHABITACION,IDHOTEL) VALUES (7,301,4,2);
INSERT INTO HABITACION (ID,NHABITACION,IDTIPOHABITACION,IDHOTEL) VALUES (8,302,4,2);
INSERT INTO HABITACION (ID,NHABITACION,IDTIPOHABITACION,IDHOTEL) VALUES (9,303,4,2);

INSERT INTO HABITACION (ID,NHABITACION,IDTIPOHABITACION,IDHOTEL) VALUES (10,401,3,2);
INSERT INTO HABITACION (ID,NHABITACION,IDTIPOHABITACION,IDHOTEL) VALUES (11,402,3,2);
INSERT INTO HABITACION (ID,NHABITACION,IDTIPOHABITACION,IDHOTEL) VALUES (12,403,3,2);

INSERT INTO HABITACION (ID,NHABITACION,IDTIPOHABITACION,IDHOTEL) VALUES (13,501,2,2);
INSERT INTO HABITACION (ID,NHABITACION,IDTIPOHABITACION,IDHOTEL) VALUES (14,502,2,2);
INSERT INTO HABITACION (ID,NHABITACION,IDTIPOHABITACION,IDHOTEL) VALUES (15,503,2,2);

INSERT INTO HABITACION (ID,NHABITACION,IDTIPOHABITACION,IDHOTEL) VALUES (16,601,1,2);
INSERT INTO HABITACION (ID,NHABITACION,IDTIPOHABITACION,IDHOTEL) VALUES (17,602,1,2);
INSERT INTO HABITACION (ID,NHABITACION,IDTIPOHABITACION,IDHOTEL) VALUES (18,603,1,2);

--SERVICIOS
INSERT INTO SERVICIOADICIONAL (ID,NOMBRE,HORAAPERTURA,HORACIERRE,CAPACIDAD,IDHOTEL) VALUES (1,'PISCINA',0830,1630,25,2);
INSERT INTO SERVICIOADICIONAL (ID,NOMBRE,HORAAPERTURA,HORACIERRE,CAPACIDAD,IDHOTEL) VALUES (2,'GIMNASIO',0830,1630,20,2);
INSERT INTO SERVICIOADICIONAL (ID,NOMBRE,HORAAPERTURA,HORACIERRE,CAPACIDAD,IDHOTEL) VALUES (3,'INTERNET',0000,0000,500,2);
INSERT INTO SERVICIOADICIONAL (ID,NOMBRE,HORAAPERTURA,HORACIERRE,CAPACIDAD,IDHOTEL) VALUES (4,'BAR 1',1630,0800,50,2);
INSERT INTO SERVICIOADICIONAL (ID,NOMBRE,HORAAPERTURA,HORACIERRE,CAPACIDAD,IDHOTEL) VALUES (5,'RESTAURANTE 1',0830,2300,40,2);
INSERT INTO SERVICIOADICIONAL (ID,NOMBRE,HORAAPERTURA,HORACIERRE,CAPACIDAD,IDHOTEL) VALUES (6,'SUPERMERCADO 1',0830,2200,50,2);
INSERT INTO SERVICIOADICIONAL (ID,NOMBRE,HORAAPERTURA,HORACIERRE,CAPACIDAD,IDHOTEL) VALUES (7,'TIENDA 1',1000,2100,20,2);
INSERT INTO SERVICIOADICIONAL (ID,NOMBRE,HORAAPERTURA,HORACIERRE,CAPACIDAD,IDHOTEL) VALUES (8,'SPA 1',0830,1730,20,2);
INSERT INTO SERVICIOADICIONAL (ID,NOMBRE,HORAAPERTURA,HORACIERRE,CAPACIDAD,IDHOTEL) VALUES (9,'LABADO ETC',0600,2000,500,2);
INSERT INTO SERVICIOADICIONAL (ID,NOMBRE,HORAAPERTURA,HORACIERRE,CAPACIDAD,IDHOTEL) VALUES (10,'PRESTAMOS VARIOS',0500,2200,500,2);
INSERT INTO SERVICIOADICIONAL (ID,NOMBRE,HORAAPERTURA,HORACIERRE,CAPACIDAD,IDHOTEL) VALUES (11,'SALON DE REUNION',0830,2300,12,2);
INSERT INTO SERVICIOADICIONAL (ID,NOMBRE,HORAAPERTURA,HORACIERRE,CAPACIDAD,IDHOTEL) VALUES (12,'SALON DE CONFERENCIA',0830,2300,200,2);
--PRODUCTOSERVICIOADICIONAL
INSERT INTO PRODUCTOSERVICIO (ID,COSTO,NOMBRE,DESCRIPCION,IDSERVICIOADICIONAL,RESERVA) VALUES (1,0,'PISCINA','PICINA GENERAL',1,'NO');

INSERT INTO PRODUCTOSERVICIO (ID,COSTO,NOMBRE,DESCRIPCION,IDSERVICIOADICIONAL,RESERVA) VALUES (2,0,'GIMNACIO','GIMNACIO DEL HOTEL',2,'NO');

INSERT INTO PRODUCTOSERVICIO (ID,COSTO,NOMBRE,DESCRIPCION,IDSERVICIOADICIONAL,RESERVA) VALUES (3,0,'INTERNET','INTERNET DEL HOTEL',3,'NO');

INSERT INTO PRODUCTOSERVICIO (ID,COSTO,NOMBRE,DESCRIPCION,IDSERVICIOADICIONAL,RESERVA) VALUES (4,3000,'CERVEZA','PORDUCTO DEL BAR 1',4,'NO');
INSERT INTO PRODUCTOSERVICIO (ID,COSTO,NOMBRE,DESCRIPCION,IDSERVICIOADICIONAL,RESERVA) VALUES (5,10000,'RON','PORDUCTO DEL BAR 1',4,'NO');
INSERT INTO PRODUCTOSERVICIO (ID,COSTO,NOMBRE,DESCRIPCION,IDSERVICIOADICIONAL,RESERVA) VALUES (6,2500,'SODA','PORDUCTO DEL BAR 1',4,'NO');

INSERT INTO PRODUCTOSERVICIO (ID,COSTO,NOMBRE,DESCRIPCION,IDSERVICIOADICIONAL,RESERVA) VALUES (7,16000,'CALENTADO','DESAYUNO DEL RESTAURANTE 1',5,'NO');
INSERT INTO PRODUCTOSERVICIO (ID,COSTO,NOMBRE,DESCRIPCION,IDSERVICIOADICIONAL,RESERVA) VALUES (8,23000,'ARROZ PAISA','ALMUERZO DEL RESTAURANTE 1',5,'NO');
INSERT INTO PRODUCTOSERVICIO (ID,COSTO,NOMBRE,DESCRIPCION,IDSERVICIOADICIONAL,RESERVA) VALUES (9,18000,'AJIACO','CENA DEL RESTAURANTE 1',5,'NO');

INSERT INTO PRODUCTOSERVICIO (ID,COSTO,NOMBRE,DESCRIPCION,IDSERVICIOADICIONAL,RESERVA) VALUES (10,15000,'CEPILLO DE DIENTES','PORDUCTO DEL SUPERMERCADO 1',6,'NO');
INSERT INTO PRODUCTOSERVICIO (ID,COSTO,NOMBRE,DESCRIPCION,IDSERVICIOADICIONAL,RESERVA) VALUES (11,10000,'BLOQUEADOR SOLAR','PORDUCTO DEL SUPERMERCADO 1',6,'NO');
INSERT INTO PRODUCTOSERVICIO (ID,COSTO,NOMBRE,DESCRIPCION,IDSERVICIOADICIONAL,RESERVA) VALUES (12,2000,'LLAVERO','PORDUCTO DEL SUPERMERCADO 1',6,'NO');

INSERT INTO PRODUCTOSERVICIO (ID,COSTO,NOMBRE,DESCRIPCION,IDSERVICIOADICIONAL,RESERVA) VALUES (13,34000,'GORRA','PORDUCTO DE LA TIENDA 1',7,'NO');
INSERT INTO PRODUCTOSERVICIO (ID,COSTO,NOMBRE,DESCRIPCION,IDSERVICIOADICIONAL,RESERVA) VALUES (14,120000,'CHAQUETA','PORDUCTO DE LA TIENDA 1',7,'NO');
INSERT INTO PRODUCTOSERVICIO (ID,COSTO,NOMBRE,DESCRIPCION,IDSERVICIOADICIONAL,RESERVA) VALUES (15,16000,'BUFANDA','PORDUCTO DE LA TIENDA 1',7,'NO');

INSERT INTO PRODUCTOSERVICIO (ID,COSTO,NOMBRE,DESCRIPCION,IDSERVICIOADICIONAL,RESERVA) VALUES (16,25000,'MASAJE RELAJANTE ','PORDUCTO DE SPA 1',8,'SI');

INSERT INTO PRODUCTOSERVICIO (ID,COSTO,NOMBRE,DESCRIPCION,IDSERVICIOADICIONAL,RESERVA) VALUES (17,1000,'EMBOLADA','PORDUCTO DE LAVADO, PLANCHADO, EMBOLADA',9,'NO');
INSERT INTO PRODUCTOSERVICIO (ID,COSTO,NOMBRE,DESCRIPCION,IDSERVICIOADICIONAL,RESERVA) VALUES (18,2500,'LAVADO DE PRENDA','PORDUCTO DE LAVADO, PLANCHADO, EMBOLADA',9,'NO');

INSERT INTO PRODUCTOSERVICIO (ID,COSTO,NOMBRE,DESCRIPCION,IDSERVICIOADICIONAL,RESERVA) VALUES (19,0,'PRESTAMO TOALLA','PORDUCTOS DE PRESTAMO',10,'NO');

INSERT INTO PRODUCTOSERVICIO (ID,COSTO,NOMBRE,DESCRIPCION,IDSERVICIOADICIONAL,RESERVA) VALUES (20,25000,'SALON DE REUNIONES','PORDUCTOS DE SALON DE REUNIONES',11,'SI');

INSERT INTO PRODUCTOSERVICIO (ID,COSTO,NOMBRE,DESCRIPCION,IDSERVICIOADICIONAL,RESERVA) VALUES (21,50000,'SALON DE CONDFERENCIA','PORDUCTOS DE SALON DE CONFERENCIA',12,'SI');


--PLAN CONSUMO
INSERT INTO PLANCONSUMO (ID,NOMBRE,MINIMODIAS,TIPODESCUENTO,DESCRIPCION,DESCUENTO,PRECIO,IDHOTEL)
VALUES (1,'NINGUNO',0,'DESCUENTO','PLAN VACIO',0,0,2);

INSERT INTO PLANCONSUMO (ID,NOMBRE,MINIMODIAS,TIPODESCUENTO,DESCRIPCION,DESCUENTO,PRECIO,IDHOTEL)
VALUES (2,'LARGA ESTADIA',7,'DESCUENTO','DESCUENTO EN EL ALOJAMIENTO LUEGO DE HOSPEDARSE MINIMO 7 DIAS SEGUIDOS',15,0,2);

INSERT INTO PLANCONSUMO (ID,NOMBRE,MINIMODIAS,TIPODESCUENTO,DESCRIPCION,DESCUENTO,PRECIO,IDHOTEL)
VALUES (3,'TIEMPO COMPARTIDO',7,'PAGO','PRECIO FIJO PARA ALOJAMIENTOS Y DESCUENTO EN COMIDAS DE MINIMO 7 DIAS',0,15000,2);

INSERT INTO PLANCONSUMO (ID,NOMBRE,MINIMODIAS,TIPODESCUENTO,DESCRIPCION,DESCUENTO,PRECIO,IDHOTEL)
VALUES (4,'TIEMPO INCLUIDO',7,'PAGO','PRECIO FIJO PARA ALOJAMIENTOS Y COMIDAS ',0,28000,2);

INSERT INTO PLANCONSUMO (ID,NOMBRE,MINIMODIAS,TIPODESCUENTO,DESCRIPCION,DESCUENTO,PRECIO,IDHOTEL)
VALUES (5,'REGALO BUFANDA',15,'PAGO','POR 15 DIAS EN EL HOTEL SE REALIZA UN REGALO DE UNA BUFANDA',0,0,2);

--SERVICIOSPLAN
INSERT INTO SERVICIOSPLAN (ID,IDPRODUCTOSERVICIO,IDPLANCONSUMO,DESCUENTO,CANTIDAD)
VALUES (1,7,2,20,1);
INSERT INTO SERVICIOSPLAN (ID,IDPRODUCTOSERVICIO,IDPLANCONSUMO,DESCUENTO,CANTIDAD)
VALUES (2,8,2,20,1);
INSERT INTO SERVICIOSPLAN (ID,IDPRODUCTOSERVICIO,IDPLANCONSUMO,DESCUENTO,CANTIDAD)
VALUES (3,9,2,20,1);
INSERT INTO SERVICIOSPLAN (ID,IDPRODUCTOSERVICIO,IDPLANCONSUMO,DESCUENTO,CANTIDAD)
VALUES (4,6,2,10,5);

INSERT INTO SERVICIOSPLAN (ID,IDPRODUCTOSERVICIO,IDPLANCONSUMO,DESCUENTO,CANTIDAD)
VALUES (5,7,3,100,1);
INSERT INTO SERVICIOSPLAN (ID,IDPRODUCTOSERVICIO,IDPLANCONSUMO,DESCUENTO,CANTIDAD)
VALUES (6,8,3,100,1);
INSERT INTO SERVICIOSPLAN (ID,IDPRODUCTOSERVICIO,IDPLANCONSUMO,DESCUENTO,CANTIDAD)
VALUES (7,9,3,100,1);
INSERT INTO SERVICIOSPLAN (ID,IDPRODUCTOSERVICIO,IDPLANCONSUMO,DESCUENTO,CANTIDAD)
VALUES (8,4,3,100,3);

INSERT INTO SERVICIOSPLAN (ID,IDPRODUCTOSERVICIO,IDPLANCONSUMO,DESCUENTO,CANTIDAD)
VALUES (9,15,4,100,1);

--RESERVAHABITACION
INSERT INTO RESERVAHABITACION (ID,FECHACREACION,FECHAINGRESO,FECHASALIDA,IDHABITACION,NUMEROPERSONAS,IDPLANCONSUMO,IDUSUARIO)
VALUES (1,'20/1/2018','3/2/2018','10/2/2018',17,2,3,10);
INSERT INTO RESERVAHABITACION (ID,FECHACREACION,FECHAINGRESO,FECHASALIDA,IDHABITACION,NUMEROPERSONAS,IDPLANCONSUMO,IDUSUARIO)
VALUES (2,'1/2/2018','8/2/2018','15/2/2018',18,1,1,11);

--RESERVA DE SERVICIO
INSERT INTO RESERVASERVICIO (ID,IDPRODUCTOSERVICIO,FECHAINICIO,FECHAFIN,IDUSUARIO)
VALUES (1,16,'4/2/2018 14:00:00','4/2/2018 15:00:00' ,10);

--LLEGADA DEL CLIENTE ABRIR CUENTA
INSERT INTO CUENTA (ID,IDRESERVA,PAGADA,TOTAL,ACOMPAÑANTES)
VALUES (1,1,'NO',466000,'BATMAN');

INSERT INTO CUENTA (ID,IDRESERVA,PAGADA,TOTAL,ACOMPAÑANTES)
VALUES (2,2,'SI',476000,'');

--CUENTA HABITACION CONSUMO DE SERVICIO
INSERT INTO CUENTAHABITACION (ID,IDCUENTA,IDPRODUCTOSERVICIO,ESPAGO)
VALUES (1,1,1,'NO');
INSERT INTO CUENTAHABITACION (ID,IDCUENTA,IDPRODUCTOSERVICIO,ESPAGO)
VALUES (2,1,2,'NO');
INSERT INTO CUENTAHABITACION (ID,IDCUENTA,IDPRODUCTOSERVICIO,ESPAGO)
VALUES (3,1,4,'NO');
INSERT INTO CUENTAHABITACION (ID,IDCUENTA,IDPRODUCTOSERVICIO,ESPAGO)
VALUES (4,1,4,'SI');
INSERT INTO CUENTAHABITACION (ID,IDCUENTA,IDPRODUCTOSERVICIO,ESPAGO)
VALUES (5,1,4,'SI');
INSERT INTO CUENTAHABITACION (ID,IDCUENTA,IDPRODUCTOSERVICIO,ESPAGO)
VALUES (6,1,5,'SI');
INSERT INTO CUENTAHABITACION (ID,IDCUENTA,IDPRODUCTOSERVICIO,ESPAGO)
VALUES (7,1,1,'NO');

INSERT INTO CUENTAHABITACION (ID,IDCUENTA,IDPRODUCTOSERVICIO,ESPAGO)
VALUES (8,2,8,'SI');
INSERT INTO CUENTAHABITACION (ID,IDCUENTA,IDPRODUCTOSERVICIO,ESPAGO)
VALUES (9,2,4,'SI');
SELECT * FROM  PRODUCTOSERVICIO;
--SALIDA DE UN CLIENTE
UPDATE CUENTA SET PAGADA = 'SI' WHERE ID=1;

